lskehfwfjkle	Login	23:27:24 on 11/02/2021
wqe	Login	18:17:29 on 12/02/2021
qwe	Login	18:34:44 on 12/02/2021
wqe	Login	18:35:08 on 12/02/2021
qwe	Login	18:37:06 on 12/02/2021
eqw	Login	18:40:58 on 12/02/2021
	Login	18:46:33 on 12/02/2021
	Login	18:47:43 on 12/02/2021
	Login	18:49:02 on 12/02/2021
	Login	18:54:12 on 12/02/2021
	Login	18:55:26 on 12/02/2021
	Login	18:56:36 on 12/02/2021
	Login	18:57:16 on 12/02/2021
	Login	18:57:40 on 12/02/2021
	Login	18:59:01 on 12/02/2021
	Login	18:59:12 on 12/02/2021
	Login	18:59:26 on 12/02/2021
	Login	18:59:47 on 12/02/2021
	Login	19:00:01 on 12/02/2021
	Login	19:00:27 on 12/02/2021
	Login	19:03:25 on 12/02/2021
	Login	19:03:42 on 12/02/2021
	Login	19:03:57 on 12/02/2021
	Login	19:04:22 on 12/02/2021
	Login	19:09:05 on 12/02/2021
qwe	Login	19:15:46 on 12/02/2021
	Login	19:17:43 on 12/02/2021
	Login	19:23:14 on 12/02/2021
	Login	19:24:34 on 12/02/2021
	Login	19:49:47 on 12/02/2021
bob	Login	10:15:24 on 14/02/2021
	Login	22:09:53 on 23/02/2021
